fl_iter,main_task_acc,allNDBS,adv_norm_diff_bs,adv_norm_diff,backdoor_acc
1,50.588235294117645,0.315865:0.410548:0.337092:0.31391:0.284129:0.311815:0.275845:0.286856:0.259885:0.303241,0,0,98.33333333333333
2,56.1764705882353,0.312612:0.354225:0.373177:0.295285:0.323125:0.368282:0.276638:0.293222:0.291375:0.328303,0,0,1.6666666666666667
3,57.05882352941177,0.362363:0.294804:0.453988:0.428227:0.304174:0.307429:0.326557:0.337261:0.322236:0.367486,0,0,5.0
4,55.0,0.359252:0.401132:0.492075:0.367923:0.445816:0.346424:0.397597:0.47168:0.423093:0.322441,0,0,90.83333333333333
5,61.470588235294116,0.417307:0.441797:0.35862:0.464616:0.369152:0.432112:0.438855:0.361388:0.372611:0.347163,0,0,50.0
6,51.470588235294116,0.37763:0.391988:0.383673:0.448138:0.42726:0.41316:0.395106:0.383746:0.41567:0.430471,0,0,1.6666666666666667
7,56.1764705882353,0.485394:0.386275:0.557621:0.441233:0.670211:0.557343:0.465213:0.442795:0.416401:0.403577,0,0,87.5
8,58.529411764705884,0.484598:0.526279:0.471034:0.445836:0.450754:0.560716:0.548208:0.436593:0.531796:0.492106,0,0,50.0
9,57.94117647058823,0.578319:0.512651:0.542275:0.527532:0.469829:0.50744:0.498825:0.571024:0.502035:0.469484,0,0,55.833333333333336
10,56.76470588235294,0.606387:0.571257:0.547623:0.561294:0.571428:0.601962:0.574572:0.568719:0.522838:0.517742,0,0,60.833333333333336
11,54.411764705882355,0.555911:0.71276:0.574322:0.557617:0.564427:0.587429:0.595695:0.608753:0.592243:0.582286,0,0,58.333333333333336
12,60.294117647058826,0.754105:0.664446:0.6914:0.689546:0.717606:0.781422:0.620036:0.705723:0.708894:0.617847,0,0,25.0
13,58.529411764705884,0.659924:0.685135:0.742893:0.67289:0.68244:0.750115:0.718734:0.6722:0.742455:0.65396,0,0,19.166666666666668
14,57.05882352941177,0.764589:0.761605:0.721464:0.757884:0.750833:0.76055:0.762106:0.743684:0.701807:0.753616,0,0,25.833333333333332
15,52.64705882352941,0.91166:0.961456:0.957794:0.969954:0.891077:0.92658:0.884782:0.902892:0.960201:0.898764,0,0,39.166666666666664
16,58.8235294117647,0.985758:0.985259:0.931492:0.976539:1.068469:0.966734:0.948061:0.939318:0.98363:0.953321,0,0,10.0
17,54.705882352941174,1.002485:1.023262:0.969882:1.003572:1.020065:0.968778:1.046811:0.998694:1.021558:0.990147,0,0,25.833333333333332
18,56.470588235294116,0.972342:0.928831:1.001461:0.980402:1.014498:0.9762:1.007785:0.96793:0.922293:0.903273,0,0,8.333333333333334
19,60.88235294117647,0.984541:0.966306:0.951891:1.013918:0.931648:1.033475:0.99773:0.987849:0.925289:0.94792,0,0,9.166666666666666
20,62.05882352941177,1.062757:1.042027:1.066194:1.052343:1.093967:1.057072:1.145448:1.061943:1.038156:1.162896,0,0,18.333333333333332
21,62.64705882352941,1.023017:1.029015:0.969948:1.034616:1.080333:1.073168:0.968706:1.062419:1.044286:1.087396,0,0,8.333333333333334
22,59.11764705882353,1.103213:1.093436:1.159307:1.115526:1.123791:1.101659:1.150251:1.093523:1.150314:1.137978,0,0,10.0
23,59.11764705882353,1.117999:1.083959:1.108368:1.05248:1.047773:1.039686:1.072013:1.170801:1.017403:1.1058,0,0,10.0
24,60.0,1.161744:1.190516:1.167441:1.146527:1.193265:1.270343:1.112324:1.258367:1.13591:1.25722,0,0,15.0
25,62.35294117647059,1.039641:1.085338:1.155981:1.070219:1.128094:1.062119:1.095846:1.038275:1.016488:1.003958,0,0,15.833333333333334
26,60.588235294117645,1.004116:0.976019:1.024517:1.005387:0.90316:0.946487:1.058256:0.937121:1.044754:0.962584,0,0,5.833333333333333
27,62.94117647058823,1.150548:1.146029:1.166132:1.147206:1.097763:1.1805:1.136999:1.039268:1.136062:1.092773,0,0,15.833333333333334
28,62.64705882352941,1.157979:1.046768:1.099147:1.13704:1.113612:1.068201:1.074728:1.078632:1.12965:1.110379,0,0,10.833333333333334
29,64.41176470588235,1.064505:1.045001:1.130049:1.114696:1.099104:1.100149:1.127251:1.056042:1.115622:1.076799,0,0,17.5
30,60.88235294117647,1.156372:1.067966:1.096373:1.068947:1.012929:1.092459:1.040625:1.048144:1.072469:1.097112,0,0,9.166666666666666
31,65.58823529411765,1.29428:1.199172:1.225029:1.236303:1.215867:1.334531:1.244213:1.342389:1.191124:1.31033,0,0,14.166666666666666
32,63.529411764705884,1.167541:1.109422:1.185195:1.182286:1.099959:1.16865:1.07654:1.161706:1.097975:1.101815,0,0,10.833333333333334
33,65.88235294117646,1.046961:0.917758:0.943363:1.085657:0.878562:0.903307:0.977186:0.959424:0.902958:0.959638,0,0,13.333333333333334
34,65.88235294117646,0.89586:0.911445:0.868645:0.909511:0.859508:0.885455:0.898296:0.903012:0.857545:0.888248,0,0,13.333333333333334
35,63.23529411764706,1.138969:1.131255:1.101903:1.074071:1.062811:1.103882:1.141343:1.084159:1.082919:1.057418,0,0,10.833333333333334
36,64.70588235294117,1.236823:1.193541:1.199432:1.225686:1.251556:1.173497:1.246398:1.198506:1.198752:1.163581,0,0,11.666666666666666
37,62.64705882352941,1.000912:0.993247:0.994896:1.015793:0.985633:0.94417:1.065731:0.987047:0.99547:1.018539,0,0,10.0
38,66.47058823529412,0.947255:0.957457:0.934308:0.974305:0.972217:0.999108:0.947999:1.010324:0.902017:0.928162,0,0,18.333333333333332
39,64.41176470588235,0.993957:1.084844:0.995689:1.054927:0.957862:1.07911:0.982621:1.00914:1.010957:1.114259,0,0,9.166666666666666
40,65.58823529411765,1.054448:1.042836:1.110456:1.059968:1.021575:1.037464:1.115816:1.087915:1.074536:0.984398,0,0,6.666666666666667
41,68.82352941176471,0.978937:1.071314:0.948044:1.051875:1.001567:0.973261:1.018515:1.00992:0.979801:0.97242,0,0,8.333333333333334
42,69.41176470588235,1.077687:0.949846:1.014094:1.062437:1.030604:1.052718:1.044118:0.954216:1.011904:1.039843,0,0,9.166666666666666
43,69.11764705882354,1.044548:1.096229:1.107105:1.125018:1.09412:1.062044:1.016302:1.034419:1.094458:1.097598,0,0,10.0
44,65.88235294117646,1.112691:1.12488:1.021646:1.019862:1.038235:1.03377:1.057648:1.035334:1.013138:1.096194,0,0,9.166666666666666
45,62.64705882352941,0.979075:1.014736:1.140351:0.983606:0.935192:0.974006:0.960022:1.043014:0.962691:0.987239,0,0,14.166666666666666
46,66.47058823529412,1.017453:1.087771:1.050805:1.114504:1.109321:1.082779:1.113256:1.06063:1.039189:1.092844,0,0,7.5
47,68.52941176470588,0.957335:0.889725:0.937842:0.960957:0.969462:0.956775:1.013228:0.955114:0.937869:0.972929,0,0,11.666666666666666
48,64.41176470588235,1.124312:1.156018:1.183398:1.156598:1.139364:1.071973:1.107031:1.08097:1.108494:1.19448,0,0,15.833333333333334
49,63.23529411764706,1.171967:1.278925:1.180744:1.163558:1.147605:1.113995:1.141204:1.131509:1.091168:1.300317,0,0,18.333333333333332
50,67.94117647058823,1.025292:1.055125:1.049384:1.080251:0.982196:1.039974:0.991172:1.113714:0.999979:1.064632,0,0,10.833333333333334
51,69.41176470588235,0.990222:1.041747:1.004816:1.044131:0.939447:0.975008:1.00079:0.99512:0.924358:0.994745,0,0,16.666666666666668
52,69.70588235294117,0.943968:1.054155:0.983378:1.079678:1.005277:1.022943:1.029892:0.991718:1.031404:1.036075,0,0,12.5
53,68.23529411764706,0.931255:0.876749:0.994768:1.02747:0.985034:0.976226:1.029053:0.963787:0.963815:1.038471,0,0,5.833333333333333
54,70.58823529411765,1.194017:1.167055:1.180262:1.238544:1.049287:1.161017:1.172543:1.144653:1.132691:1.118131,0,0,9.166666666666666
55,68.23529411764706,0.987387:1.052913:1.010115:1.049671:1.017656:0.998704:1.053083:0.981007:0.963609:1.061944,0,0,5.0
56,66.17647058823529,1.002966:1.034513:0.933295:0.994285:0.998006:1.015422:1.066025:1.02088:0.963266:1.030327,0,0,3.3333333333333335
57,66.76470588235294,1.099424:1.069534:1.046197:1.099479:1.020252:1.037252:1.066988:1.0605:1.043096:1.021336,0,0,5.0
58,67.3529411764706,1.126108:1.165161:1.136735:1.202542:1.056014:1.167763:1.164505:1.116331:1.17482:1.133931,0,0,1.6666666666666667
59,62.94117647058823,1.219138:1.183939:1.220954:1.260455:1.179418:1.198573:1.184449:1.143915:1.099292:1.123798,0,0,2.5
60,66.17647058823529,0.996201:1.08929:1.003162:1.071241:1.012142:1.002543:1.1256:1.048404:1.070029:1.056444,0,0,4.166666666666667
61,67.6470588235294,1.065259:1.099667:1.040501:1.059022:1.027093:1.078888:1.086591:1.020986:1.167557:1.035,0,0,3.3333333333333335
62,66.17647058823529,1.130154:1.104528:1.147708:1.115297:1.146634:1.14282:1.127441:1.134163:1.14912:1.234908,0,0,5.0
63,68.23529411764706,0.800826:0.883689:0.885271:0.983923:0.905681:0.979215:0.811818:0.904143:0.951929:0.864544,0,0,4.166666666666667
64,68.52941176470588,0.895597:0.97344:0.99028:0.952167:0.912694:0.921894:0.915001:0.920141:0.919074:0.932957,0,0,2.5
65,65.58823529411765,1.021153:1.015688:1.098414:1.024588:1.043562:1.050948:1.070472:1.01798:1.019486:1.126338,0,0,5.0
66,67.05882352941177,0.994589:1.039798:1.104341:1.019329:1.099611:0.986303:1.028669:1.011089:0.961122:1.015364,0,0,5.0
67,68.52941176470588,0.988565:1.01256:0.943394:0.980291:0.992434:1.041775:0.960846:1.001724:0.952204:0.92399,0,0,5.0
68,67.6470588235294,0.934732:0.912886:0.915045:0.932197:0.924123:0.961596:0.954995:0.925719:0.934594:0.904791,0,0,5.0
69,66.47058823529412,1.061747:1.055721:1.049035:1.054073:1.028364:1.100286:0.96727:1.045998:1.015814:1.038698,0,0,5.0
70,65.58823529411765,1.044884:1.142067:0.985116:1.023305:1.059794:1.009622:1.066692:1.074922:1.067256:0.982357,0,0,1.6666666666666667
71,63.8235294117647,1.024382:1.019412:1.014982:0.954811:0.985939:0.956113:1.022138:1.009385:0.981616:0.961946,0,0,3.3333333333333335
72,66.76470588235294,0.947767:1.058175:0.938441:0.943932:0.991818:0.927333:0.878467:0.961356:0.917347:1.01498,0,0,3.3333333333333335
73,65.88235294117646,1.112611:0.910916:0.953109:0.903595:1.020793:0.882288:0.928193:0.935091:0.926872:0.975934,0,0,4.166666666666667
74,66.76470588235294,1.087171:1.028564:1.08993:1.026938:1.091503:1.065407:1.029858:0.99143:1.027881:0.977118,0,0,1.6666666666666667
75,67.3529411764706,1.03466:1.157987:1.108879:1.114027:1.085097:1.088338:1.071392:1.085754:1.196285:1.079554,0,0,1.6666666666666667
76,70.29411764705883,0.916427:1.011832:0.97017:0.964324:0.910378:1.02561:0.904374:0.964286:0.983045:0.948123,0,0,2.5
77,69.11764705882354,1.152978:1.167691:1.21904:1.085989:1.147117:1.16628:1.170363:1.065464:1.157769:1.099562,0,0,3.3333333333333335
78,67.94117647058823,1.014963:1.050859:1.01605:1.017457:1.072808:1.071446:1.074269:1.031475:0.986297:1.037503,0,0,4.166666666666667
79,66.47058823529412,1.108921:1.137329:1.085979:1.092407:1.102809:1.074199:1.117586:1.053:1.07911:1.065199,0,0,5.0
80,67.6470588235294,1.097017:1.04054:1.101506:1.078871:1.148931:1.134441:1.028921:1.059016:1.048764:1.067192,0,0,5.0
81,62.64705882352941,1.132807:1.112152:1.123626:1.162736:1.144351:1.100725:1.10673:1.161745:1.063091:1.148991,0,0,5.0
82,66.47058823529412,1.019603:1.016023:1.078255:0.960866:0.991144:0.979935:1.037501:1.055261:1.044294:1.035409,0,0,7.5
83,66.47058823529412,1.09811:1.121632:1.080169:1.080572:1.12929:1.081223:1.11259:1.117643:1.106026:1.157098,0,0,12.5
84,68.52941176470588,0.98064:0.941814:0.987824:1.013439:1.136748:0.993082:0.987662:0.964797:0.940374:1.005653,0,0,13.333333333333334
85,67.3529411764706,1.089045:1.08419:1.058094:1.064885:1.071503:1.09273:1.123755:1.120595:1.097115:1.18099,0,0,12.5
86,67.94117647058823,1.100365:1.155706:1.173344:1.168243:1.170759:1.143685:1.195212:1.172348:1.276897:1.193243,0,0,12.5
87,70.0,1.060841:1.07324:1.085052:0.950449:1.032108:1.035798:1.027778:1.037865:1.033977:1.079729,0,0,13.333333333333334
88,71.47058823529412,1.11015:0.998806:1.054557:1.063266:1.037874:1.067227:1.071063:1.06642:0.994428:1.010544,0,0,13.333333333333334
89,69.11764705882354,1.104741:1.011971:1.135475:1.086552:1.05618:0.95619:1.07925:1.037007:1.067362:1.0062,0,0,9.166666666666666
90,70.88235294117646,1.037789:1.019246:1.080602:1.015426:1.066869:1.066563:1.05754:1.047145:1.043997:1.061072,0,0,15.0
91,70.0,1.053543:1.058408:1.03066:1.007203:0.993257:1.047681:0.990152:0.984478:1.131742:1.10493,0,0,9.166666666666666
92,67.6470588235294,0.896135:0.960265:0.862733:0.97763:0.966052:0.902342:0.890596:0.929765:0.916166:0.933831,0,0,10.0
93,71.17647058823529,0.936636:0.912799:0.943797:0.981028:0.939438:0.974484:0.949784:0.941359:0.942114:0.984724,0,0,5.0
94,71.17647058823529,1.021112:1.010384:0.984462:1.020486:1.051296:1.015342:1.011942:1.014174:1.014196:1.041908,0,0,10.0
95,70.58823529411765,0.968048:0.925005:0.941257:0.884321:0.9:0.900447:0.900646:0.894662:0.928694:0.965957,0,0,11.666666666666666
96,71.47058823529412,1.166091:1.163257:1.197037:1.160839:1.208744:1.265365:1.287426:1.154955:1.241344:1.176615,0,0,6.666666666666667
97,68.52941176470588,1.126082:1.047232:1.0965:1.060347:1.043885:1.038439:1.016349:1.013561:1.059039:1.07685,0,0,1.6666666666666667
98,70.0,1.237085:1.068589:1.14514:1.114089:1.155765:1.157467:1.047765:1.176852:1.149103:1.14404,0,0,1.6666666666666667
99,71.47058823529412,1.092685:1.103647:1.19534:1.100745:1.160545:1.081627:1.154578:1.070709:1.105475:1.143472,0,0,1.6666666666666667
100,71.76470588235294,1.033049:1.050558:1.079468:1.129728:1.179688:1.103642:1.106009:1.082147:1.196681:1.108821,0,0,1.6666666666666667
101,71.76470588235294,1.026526:1.029612:1.034329:0.986843:1.027777:1.056837:1.127022:1.055083:1.081916:1.016062,0,0,2.5
102,73.52941176470588,1.063748:1.021692:0.993698:1.058384:1.006956:1.081397:1.04179:1.018575:1.062461:1.081899,0,0,2.5
103,72.6470588235294,1.170653:1.246286:1.205086:1.157341:1.161953:1.21319:1.201804:1.178244:1.217607:1.156872,0,0,4.166666666666667
104,70.58823529411765,1.029332:1.091838:1.125862:1.110643:1.266037:1.130317:1.144729:1.05099:1.135191:1.073471,0,0,5.833333333333333
105,72.05882352941177,1.327162:1.332221:1.380424:1.317268:1.428313:1.329651:1.271245:1.346844:1.263879:1.294958,0,0,3.3333333333333335
106,68.52941176470588,1.039634:1.110906:1.036684:1.065009:1.139171:1.059572:1.066938:1.053533:1.183272:1.06421,0,0,2.5
107,70.29411764705883,1.183864:1.194529:1.192402:1.109059:1.17886:1.107787:1.165334:1.159438:1.185701:1.178108,0,0,4.166666666666667
108,72.94117647058823,1.121204:1.201197:1.138307:1.092348:1.14306:1.174945:1.157187:1.17726:1.190717:1.123755,0,0,5.833333333333333
109,72.6470588235294,1.08125:1.053956:1.050623:1.08906:1.074474:1.074951:1.107026:0.996942:1.044307:1.069823,0,0,5.0
110,71.47058823529412,1.026862:1.098418:1.057312:1.120646:1.067766:0.962815:0.985917:1.10021:1.078161:1.119154,0,0,6.666666666666667
111,72.3529411764706,0.968538:1.039124:1.003299:1.070973:1.005288:0.991862:0.981175:1.028442:0.997378:1.008883,0,0,6.666666666666667
112,71.47058823529412,1.212468:1.069471:1.169906:1.193358:1.177235:1.151935:1.10477:1.135484:1.137191:1.118734,0,0,3.3333333333333335
113,71.76470588235294,1.131065:1.122538:1.158698:1.078104:1.088003:1.092237:1.118554:1.159086:1.175801:1.080566,0,0,0.8333333333333334
114,72.94117647058823,1.236291:1.260049:1.247356:1.245933:1.305722:1.21461:1.244492:1.194148:1.252228:1.195896,0,0,3.3333333333333335
115,71.47058823529412,1.229567:1.086845:1.167277:1.161979:1.15652:1.202147:1.082311:1.176002:1.204195:1.170526,0,0,2.5
116,73.52941176470588,1.07894:1.124112:1.093316:1.148623:1.015295:1.042966:1.111483:1.077072:1.018896:1.137474,0,0,1.6666666666666667
117,75.0,1.219974:1.169399:1.207398:1.192598:1.161847:1.182133:1.140049:1.177749:1.218299:1.189522,0,0,1.6666666666666667
118,70.58823529411765,1.107987:1.1482:1.089651:1.050184:1.031075:1.11375:1.120757:1.156039:1.120829:1.126063,0,0,2.5
119,71.76470588235294,1.21587:1.217039:1.192672:1.18692:1.177865:1.13284:1.203685:1.245803:1.212901:1.273345,0,0,2.5
120,69.41176470588235,1.187614:1.263653:1.226769:1.256014:1.229341:1.262334:1.349679:1.247822:1.170255:1.304911,0,0,5.833333333333333
121,71.76470588235294,1.314789:1.304496:1.282017:1.196626:1.316658:1.385744:1.288513:1.32419:1.410541:1.200996,0,0,5.0
122,71.76470588235294,1.129677:1.174922:1.184183:1.185596:1.183624:1.240824:1.15148:1.269725:1.177143:1.189077,0,0,6.666666666666667
123,71.76470588235294,1.054111:1.195044:1.121046:1.167477:1.256649:1.086061:1.155062:1.124131:1.129452:1.150004,0,0,5.0
124,70.29411764705883,1.18811:1.161335:1.187514:1.312136:1.205821:1.202563:1.193162:1.203985:1.244445:1.211933,0,0,3.3333333333333335
125,69.70588235294117,1.301182:1.162991:1.253273:1.235251:1.242906:1.148489:1.182057:1.153023:1.154494:1.265786,0,0,2.5
126,69.41176470588235,1.30712:1.229905:1.154256:1.186109:1.212951:1.220126:1.235568:1.20063:1.113649:1.133298,0,0,3.3333333333333335
127,67.6470588235294,1.23129:1.12289:1.13918:1.140186:1.11294:1.149228:1.055107:1.118109:1.202575:1.104273,0,0,1.6666666666666667
128,70.0,1.038508:1.060583:1.009525:0.992207:0.927279:1.055351:1.025402:1.040425:1.029328:1.05294,0,0,4.166666666666667
129,68.82352941176471,1.018682:1.03979:1.10956:1.020066:0.978284:1.022828:1.134519:1.088456:1.065197:1.11465,0,0,4.166666666666667
130,72.6470588235294,1.151631:1.095066:1.177691:1.077205:1.171674:1.144149:1.183051:1.185002:1.177304:1.190477,0,0,4.166666666666667
131,70.88235294117646,1.222479:1.175506:1.241527:1.287035:1.151734:1.208688:1.139504:1.284797:1.124734:1.236696,0,0,5.833333333333333
132,70.88235294117646,1.145237:1.12182:1.114807:1.026086:1.169699:1.133526:1.169265:1.201241:1.187599:1.198711,0,0,6.666666666666667
133,71.76470588235294,1.224579:1.215565:1.164564:1.173358:1.306509:1.163799:1.213087:1.199281:1.11365:1.13966,0,0,7.5
134,68.82352941176471,1.269941:1.127032:1.243443:1.150904:1.10933:1.136502:1.122249:1.195628:1.18573:1.211859,0,0,3.3333333333333335
135,70.0,1.190453:1.10213:1.085923:1.061434:1.067053:1.042432:1.123211:1.051335:1.051958:1.058445,0,0,4.166666666666667
136,71.17647058823529,1.029688:0.994318:1.054076:1.026858:1.077139:1.031917:1.01169:1.011533:0.969547:1.013036,0,0,3.3333333333333335
137,71.17647058823529,1.112003:1.063331:1.035577:1.083827:1.100576:1.130859:1.142899:1.168899:1.062649:1.148658,0,0,7.5
138,71.76470588235294,1.094526:1.143257:1.127163:1.065222:1.11695:1.1137:1.147263:1.086056:1.148904:1.14092,0,0,6.666666666666667
139,72.6470588235294,1.12759:1.119162:1.070275:1.089324:1.011759:1.098642:1.084548:1.12126:1.097618:1.087045,0,0,5.0
140,70.58823529411765,1.111622:1.088392:1.115459:1.090881:1.151474:1.119351:1.103762:1.164362:1.093889:1.19567,0,0,4.166666666666667
141,75.29411764705883,0.988273:0.98874:0.974304:0.980761:1.054516:0.912677:0.932384:0.953126:0.957049:0.948213,0,0,3.3333333333333335
142,73.82352941176471,1.115595:1.063184:1.076346:1.027464:1.073476:1.091433:1.092202:0.993802:1.095898:1.066902,0,0,3.3333333333333335
143,74.11764705882354,1.027634:1.022629:1.089862:1.00731:0.955877:1.110575:0.95741:1.108289:1.067231:1.116385,0,0,3.3333333333333335
144,73.23529411764706,1.042773:1.013307:0.99492:1.032537:1.04215:1.020252:0.996801:1.025862:1.045075:1.006267,0,0,3.3333333333333335
145,72.94117647058823,1.163358:1.125731:1.128398:1.187435:1.128562:1.122084:1.099044:1.097124:1.173198:1.046578,0,0,3.3333333333333335
146,75.0,1.207879:1.161866:1.168267:1.153882:1.192381:1.09112:1.127008:1.182022:1.215236:1.23474,0,0,6.666666666666667
147,73.23529411764706,0.934129:1.048546:1.091084:1.017042:1.029482:1.080252:0.987647:1.076589:0.976648:1.022043,0,0,5.0
148,71.76470588235294,1.153322:1.071487:1.073977:1.05796:1.118546:0.998594:1.075346:1.093859:1.080133:1.083745,0,0,4.166666666666667
149,72.3529411764706,1.067287:1.179179:1.119691:1.110517:1.032502:1.060197:1.057244:1.086495:1.097449:1.18261,0,0,5.0
150,72.3529411764706,0.989225:1.008513:1.024853:1.028245:1.012649:1.089211:0.976072:0.990891:0.967776:0.974088,0,0,2.5
151,71.17647058823529,1.132176:1.040385:1.283286:1.152128:1.197055:1.243043:1.12133:1.137629:1.227351:1.116429,0,0,1.6666666666666667
152,69.70588235294117,1.2285:1.226438:1.20236:1.28273:1.238447:1.27252:1.407789:1.240612:1.14906:1.174819,0,0,3.3333333333333335
153,70.88235294117646,1.109345:1.147963:1.165484:1.172053:1.153412:1.15973:1.187519:1.155922:1.187476:1.171157,0,0,7.5
154,70.58823529411765,1.120203:1.172114:1.171628:1.137826:1.090168:1.100485:1.160897:1.162113:1.17953:1.136284,0,0,6.666666666666667
155,72.3529411764706,1.039293:1.064113:1.06553:1.027945:1.055064:1.045237:1.061188:1.088715:1.015427:1.10818,0,0,7.5
156,71.47058823529412,0.978936:0.985335:0.958877:1.049205:0.969843:0.994484:1.0137:0.967655:0.978511:0.963337,0,0,5.833333333333333
157,72.05882352941177,1.034293:1.074363:1.060962:1.052924:1.020724:1.108501:1.071676:1.031415:1.088533:1.101608,0,0,5.833333333333333
158,72.3529411764706,1.100285:1.188671:1.151109:1.264408:1.154508:1.164989:1.152495:1.133764:1.179152:1.164108,0,0,6.666666666666667
159,69.70588235294117,1.246293:1.275336:1.21425:1.296236:1.309119:1.21938:1.233005:1.261583:1.320732:1.254528,0,0,3.3333333333333335
160,71.76470588235294,1.27014:1.318177:1.251592:1.266942:1.215348:1.333393:1.261434:1.356013:1.383382:1.389407,0,0,2.5
161,71.76470588235294,1.117025:1.119171:1.153004:1.108681:1.1165:1.158831:1.074051:1.178295:1.078677:1.057671,0,0,3.3333333333333335
162,70.0,1.234689:1.298489:1.4354:1.322905:1.232009:1.329703:1.353215:1.340891:1.24337:1.216772,0,0,0.8333333333333334
163,69.41176470588235,1.265428:1.288229:1.191421:1.26223:1.323174:1.252984:1.178626:1.178338:1.354377:1.320835,0,0,2.5
164,68.82352941176471,1.266649:1.192586:1.179723:1.234005:1.242508:1.25393:1.193564:1.251423:1.181762:1.317835,0,0,7.5
165,70.58823529411765,1.116518:1.093715:1.059204:0.919044:1.134454:1.065422:1.070947:1.034204:1.040376:1.025853,0,0,3.3333333333333335
166,67.94117647058823,1.385737:1.516298:1.514668:1.519981:1.484995:1.529643:1.438147:1.57524:1.380513:1.51058,0,0,3.3333333333333335
167,68.82352941176471,1.272371:1.306232:1.244748:1.377444:1.428156:1.291348:1.209469:1.324089:1.372685:1.3108,0,0,5.0
168,70.88235294117646,1.19556:1.237243:1.132059:1.134703:1.109685:1.168157:1.165268:1.172343:1.24501:1.172398,0,0,7.5
169,71.17647058823529,1.00016:1.034469:1.094676:1.099994:1.028828:1.048641:1.075381:1.096531:1.072861:1.090845,0,0,5.833333333333333
170,72.94117647058823,0.959102:1.04971:0.932502:0.933055:0.994635:0.996435:0.936376:1.010785:0.993388:0.941152,0,0,10.0
171,72.3529411764706,0.990986:1.045505:1.076147:1.047445:1.039812:0.957808:1.058782:1.058441:1.073648:1.025566,0,0,7.5
172,73.23529411764706,1.024675:0.97504:0.94727:0.908249:0.918279:0.975787:0.929458:0.996701:0.966401:0.935734,0,0,8.333333333333334
173,71.17647058823529,1.122726:1.079468:1.142481:1.169951:1.090585:1.196913:1.294288:1.10911:1.083343:0.949059,0,0,10.833333333333334
174,74.11764705882354,1.358635:1.207451:1.242231:1.345021:1.459818:1.196983:1.495581:1.342008:1.283156:1.346536,0,0,12.5
175,73.52941176470588,1.215879:1.09386:1.177894:1.165582:1.168088:1.166614:1.150877:1.103168:1.156499:1.080112,0,0,9.166666666666666
176,72.94117647058823,1.064481:1.1691:1.060954:1.065226:1.031505:1.080846:1.043402:1.079402:1.025897:1.004088,0,0,7.5
177,73.52941176470588,1.148887:1.015014:1.048978:1.091354:1.064863:1.048739:1.105194:1.018363:1.07383:1.098904,0,0,12.5
178,72.6470588235294,0.890026:0.947515:0.950477:0.962826:0.96351:0.939963:0.932797:0.912684:1.001521:1.007772,0,0,8.333333333333334
179,72.05882352941177,1.214399:1.089636:1.131977:1.148469:1.172195:1.047971:1.155026:1.0669:1.078303:1.071256,0,0,11.666666666666666
180,70.29411764705883,1.110797:1.095686:1.143117:1.165622:1.131697:1.103762:1.049089:1.12604:1.149783:1.12788,0,0,6.666666666666667
181,73.23529411764706,1.289045:1.276435:1.287048:1.282969:1.225206:1.350632:1.36086:1.275147:1.250222:1.250994,0,0,9.166666666666666
182,73.23529411764706,1.09363:1.087285:1.057366:1.082027:1.139768:1.06844:0.981389:1.031691:1.028437:1.125028,0,0,5.833333333333333
183,72.05882352941177,1.192343:1.193486:1.084726:1.160117:1.173384:1.190774:1.153286:1.1902:1.188253:1.16042,0,0,5.0
184,72.3529411764706,1.117618:1.115575:1.110721:1.1508:1.108073:1.115968:1.056604:1.119158:1.182669:1.104758,0,0,5.833333333333333
185,72.94117647058823,1.14753:1.218146:1.14634:1.186753:1.221975:1.091652:1.166778:1.277727:1.20038:1.161157,0,0,2.5
186,73.82352941176471,1.063298:1.224702:1.19586:0.901504:1.115953:1.135533:1.221692:1.181112:1.135275:1.126835,0,0,0.0
187,77.05882352941177,1.498373:1.428711:1.48014:1.427812:1.456748:1.474617:1.548374:1.469021:1.455045:1.401223,0,0,2.5
188,75.88235294117646,1.189978:1.161978:1.300761:1.172919:1.22631:1.164271:1.258412:1.25641:1.247732:1.219672,0,0,4.166666666666667
189,76.17647058823529,1.132756:1.101879:1.130757:1.065336:1.093458:0.922682:1.089644:1.138919:1.113195:1.117568,0,0,3.3333333333333335
190,75.29411764705883,1.496874:1.577331:1.4114:1.527798:1.438168:1.451916:1.497905:1.439697:1.324145:1.431303,0,0,1.6666666666666667
191,76.17647058823529,1.403017:1.206565:1.410512:1.297465:1.377361:1.342704:1.237364:1.153934:1.326698:1.271166,0,0,2.5
192,76.17647058823529,1.322216:1.334854:1.340635:1.28435:1.269663:1.334833:1.298486:1.36113:1.294237:1.427261,0,0,9.166666666666666
193,74.70588235294117,1.056479:1.071256:1.087468:1.111903:1.08805:1.052265:1.156972:1.081844:1.220008:1.131006,0,0,5.0
194,74.70588235294117,0.985977:1.097048:1.027755:1.093578:1.057333:0.991106:0.913789:1.029436:1.042808:0.961152,0,0,1.6666666666666667
195,76.47058823529412,1.37572:1.49055:1.447111:1.495828:1.425397:1.570579:1.473567:1.434559:1.306867:1.438874,0,0,1.6666666666666667
196,74.41176470588235,1.434639:1.449421:1.38141:1.391667:1.325827:1.365087:1.323207:1.375371:1.405888:1.337134,0,0,2.5
197,74.11764705882354,1.151686:1.155504:1.149674:1.115289:1.125644:1.165059:1.179819:1.151369:1.132285:1.120713,0,0,2.5
198,75.0,1.158356:1.276483:1.172165:1.184377:1.199611:1.232268:1.141782:1.2099:1.152864:1.192631,0,0,0.8333333333333334
199,76.76470588235294,1.082761:1.099125:1.163675:1.216211:1.088888:1.134601:1.154106:1.14564:1.179885:1.14959,0,0,4.166666666666667
200,74.11764705882354,1.132097:1.132192:1.153091:1.110961:1.183166:1.141288:1.227027:1.133703:1.164202:1.150135,0,0,5.0
201,74.11764705882354,0.957729:0.961744:0.975066:1.004108:0.92882:1.022159:1.024051:0.993446:1.026435:1.039818,0,0,2.5
202,72.3529411764706,1.006557:1.022087:0.976226:1.049611:1.015409:1.010283:1.023749:1.060165:1.054359:1.060228,0,0,3.3333333333333335
203,73.82352941176471,1.015506:1.043558:0.950634:0.971486:1.032298:1.029148:1.007369:1.024625:0.997687:0.969042,0,0,3.3333333333333335
204,73.82352941176471,1.06748:1.045483:1.091259:1.02242:0.987197:1.00964:1.05768:1.082934:1.06682:1.10837,0,0,5.0
205,72.94117647058823,1.023845:0.991425:0.915083:1.095019:1.035968:1.018754:1.041873:1.035286:0.988478:1.021236,0,0,5.833333333333333
206,72.94117647058823,1.056043:1.053702:1.141531:1.09175:0.994366:1.064928:1.124277:1.155599:1.057229:1.097679,0,0,4.166666666666667
207,71.76470588235294,0.956601:1.20306:1.170819:1.085248:1.151695:1.098017:1.143595:1.159099:1.146048:1.162306,0,0,2.5
208,71.47058823529412,1.082924:1.188347:1.161549:1.196186:1.266996:1.300829:1.317926:1.270629:1.192691:1.267473,0,0,2.5
209,72.3529411764706,1.245992:1.161836:1.098589:1.290354:1.1128:1.187498:1.332751:1.272057:1.175133:1.326086,0,0,4.166666666666667
210,71.76470588235294,1.077911:1.09909:1.119624:1.183213:1.143265:1.183322:1.089024:1.061318:1.114374:1.038237,0,0,1.6666666666666667
211,72.05882352941177,1.060203:1.144356:1.149723:1.206113:1.05599:1.142735:1.137355:1.139687:1.082422:1.088921,0,0,2.5
212,71.76470588235294,1.021732:0.994253:0.997794:0.966576:1.029727:1.101433:1.051606:0.99956:1.077023:1.060265,0,0,4.166666666666667
213,70.58823529411765,0.961388:0.914878:1.006471:0.998766:1.010995:0.940241:0.9182:1.05259:0.991909:0.940793,0,0,4.166666666666667
214,72.3529411764706,1.042041:0.979971:0.955029:1.038702:1.031713:0.990294:1.047569:1.016986:1.055578:0.974685,0,0,5.0
215,71.17647058823529,1.142171:1.100717:1.05171:1.097013:1.102022:1.030364:1.104594:1.038788:1.160936:1.100179,0,0,5.0
216,71.76470588235294,1.189754:1.138691:1.033053:1.156791:1.080913:1.219034:1.184357:1.191963:1.147669:1.057678,0,0,7.5
217,67.94117647058823,1.058253:1.054721:1.103022:1.107816:1.093282:0.969615:1.058799:1.103437:0.947629:1.104336,0,0,8.333333333333334
218,68.23529411764706,1.209436:1.265513:1.333578:1.205243:1.153941:1.347659:1.213494:1.30172:1.269373:1.208176,0,0,13.333333333333334
219,68.82352941176471,1.205325:1.17607:1.120096:1.167897:1.152251:1.123097:1.153943:1.214765:1.141565:1.021572,0,0,9.166666666666666
220,68.52941176470588,1.214299:1.180079:1.130476:1.173287:1.110837:1.170788:1.130978:1.226809:1.21707:1.220637,0,0,5.833333333333333
221,69.70588235294117,0.877699:0.844225:0.919061:0.953621:0.906433:0.874386:0.884812:0.934634:0.852223:0.901462,0,0,5.833333333333333
222,70.0,1.139336:1.130497:1.099666:1.127919:1.034531:1.256855:1.092074:1.112877:1.226679:1.236067,0,0,8.333333333333334
223,68.52941176470588,0.947466:1.036176:0.995185:1.026835:1.053311:1.086957:1.038306:0.958301:1.037902:1.040153,0,0,6.666666666666667
224,69.41176470588235,1.000484:0.997413:0.930582:0.930494:0.896385:0.984653:0.983036:0.977943:1.006167:0.955775,0,0,4.166666666666667
225,70.29411764705883,1.0012:0.946754:1.001889:0.958737:0.965911:1.003524:1.006881:0.970268:0.936128:0.970838,0,0,4.166666666666667
226,72.94117647058823,1.052545:1.036642:1.06533:1.018765:1.110884:1.047364:1.0206:1.082944:1.021708:1.051677,0,0,6.666666666666667
227,72.3529411764706,0.951907:1.001768:0.918959:0.962909:0.916762:0.996989:0.903675:0.961732:0.91794:0.91015,0,0,5.0
228,72.94117647058823,1.04373:1.071263:1.062837:0.987367:1.113357:1.003913:1.000359:1.071177:1.04002:1.010991,0,0,8.333333333333334
229,71.47058823529412,0.967843:0.983902:1.036107:0.937115:0.896132:0.996066:0.984046:0.991663:1.00983:1.003802,0,0,8.333333333333334
230,71.47058823529412,1.015762:1.065121:1.125602:1.01848:1.172961:1.013295:1.005875:1.001393:0.992845:1.127705,0,0,9.166666666666666
231,71.76470588235294,0.98682:1.088683:1.11895:1.073039:1.060279:1.145422:1.03207:1.032698:1.112087:1.105235,0,0,7.5
232,72.3529411764706,1.00902:0.928797:1.101446:1.124958:1.050766:1.066018:1.010951:1.108558:1.124071:1.152222,0,0,7.5
233,71.47058823529412,1.19881:1.076788:1.053114:1.084804:1.075915:0.998481:1.081673:1.052151:1.069603:1.088041,0,0,2.5
234,71.17647058823529,1.009787:0.954715:0.965599:0.946176:0.956833:0.941638:0.895531:0.965039:0.990584:0.928075,0,0,3.3333333333333335
235,72.3529411764706,0.888705:0.951483:0.896485:0.99735:0.959628:0.98756:0.966602:0.946495:0.981584:1.006876,0,0,5.0
236,72.05882352941177,1.138703:0.984551:1.079872:1.084339:1.05098:1.14405:1.078957:1.013942:0.968136:1.022207,0,0,5.833333333333333
237,73.23529411764706,0.964852:0.931744:0.962978:0.965103:0.954101:0.948741:0.970147:0.966767:0.969296:0.96224,0,0,5.833333333333333
238,72.05882352941177,1.007072:0.987916:0.994403:1.0172:0.995043:1.008195:1.095214:1.048278:1.007738:0.967305,0,0,2.5
239,75.0,1.09489:1.033763:1.123311:1.320395:0.963536:1.035799:1.242317:1.049002:1.253947:1.061559,0,0,4.166666666666667
240,74.11764705882354,0.919235:0.903589:0.854415:0.903897:0.86966:0.890501:0.869773:0.859692:0.840385:0.934509,0,0,5.0
241,76.76470588235294,0.897121:0.945471:0.855591:0.889625:0.820602:0.878512:0.848398:0.875325:0.867222:0.856055,0,0,5.833333333333333
242,74.70588235294117,0.944291:1.110758:1.038912:1.023499:1.034442:0.994659:1.057849:1.014533:1.007346:0.933522,0,0,5.833333333333333
243,72.94117647058823,0.989903:0.967821:0.943169:0.898768:1.066481:1.009071:0.962381:0.971315:0.934899:0.989738,0,0,10.0
244,74.11764705882354,0.85463:0.89242:0.967307:0.863553:0.904465:0.955796:0.896442:0.942169:0.868345:0.909662,0,0,5.833333333333333
245,72.05882352941177,1.010011:0.933644:0.946404:0.909025:0.912273:0.915268:0.974043:0.981339:0.95573:0.904756,0,0,6.666666666666667
246,72.94117647058823,0.824358:0.873928:0.882925:0.880202:0.883776:0.845661:0.920153:0.82179:0.863988:0.868582,0,0,5.833333333333333
247,72.3529411764706,1.038482:0.903572:0.897142:0.946469:0.936458:0.931958:0.9616:0.963877:0.931596:0.982439,0,0,6.666666666666667
248,74.70588235294117,0.939245:0.920049:0.907834:0.972421:0.953312:0.958068:0.957197:0.976475:0.922634:0.904085,0,0,5.833333333333333
249,73.82352941176471,0.986998:0.996715:1.095351:1.178942:1.026353:1.046833:1.031871:1.075561:1.19567:0.987085,0,0,10.0
250,71.17647058823529,0.884555:0.923332:0.915568:0.925035:0.963757:0.926528:1.072047:0.963027:0.892115:0.950086,0,0,3.3333333333333335
251,73.52941176470588,0.910826:0.973512:0.864576:1.003691:0.935653:1.016958:0.972654:0.938719:0.949398:0.912502,0,0,10.833333333333334
252,74.70588235294117,1.006829:0.960408:1.050373:1.013865:0.965841:0.96805:1.032614:1.04803:1.033979:0.995831,0,0,10.833333333333334
253,74.41176470588235,1.006985:1.093342:1.033627:1.055696:1.074339:1.048361:1.13159:1.018797:1.079731:1.003823,0,0,10.0
254,73.23529411764706,1.011337:1.066998:1.040824:1.029194:1.137224:1.089398:1.035146:1.134265:0.970069:1.005537,0,0,6.666666666666667
255,72.3529411764706,1.128965:1.09193:0.937844:1.130555:1.093782:1.133148:0.977431:1.020611:1.144094:1.047341,0,0,10.0
256,73.82352941176471,1.109091:1.08712:1.086657:1.074793:0.989782:1.18197:1.027954:1.097015:1.087252:1.133913,0,0,6.666666666666667
257,75.58823529411765,0.874568:0.9452:0.981262:0.92756:1.084069:1.037005:0.901294:0.941636:0.876509:0.948772,0,0,8.333333333333334
258,74.11764705882354,1.018546:1.090548:1.106407:0.948833:1.116912:1.042471:1.029441:1.084118:1.007141:1.071564,0,0,7.5
259,72.94117647058823,0.94851:0.94125:0.917375:0.934803:0.939552:0.873708:0.936619:0.943933:0.935842:1.186235,0,0,7.5
260,74.41176470588235,0.968369:0.815599:0.971818:0.927646:1.008814:1.442027:0.921208:1.241045:1.074687:0.953593,0,0,7.5
261,73.82352941176471,0.901322:0.935578:0.890017:0.879496:1.37019:0.894109:0.944495:1.190808:0.990931:1.235634,0,0,7.5
262,73.82352941176471,0.916823:0.967559:0.914574:0.911231:0.807632:0.912788:0.880049:0.859256:0.884728:0.86437,0,0,7.5
263,72.05882352941177,0.864504:0.841276:0.86112:0.883798:0.896977:0.882654:0.910849:0.838433:0.861233:0.883227,0,0,6.666666666666667
264,73.23529411764706,0.845031:0.847227:0.859725:0.872241:0.859534:0.904198:0.895369:0.861246:0.907466:0.954239,0,0,10.0
265,73.23529411764706,0.923403:0.836291:0.847552:0.819715:0.836795:0.94891:0.855559:0.876097:0.836291:0.855112,0,0,10.0
266,75.29411764705883,0.876043:0.916005:0.81547:0.837693:0.875498:0.920932:0.851798:0.847142:0.817424:0.87342,0,0,6.666666666666667
267,74.70588235294117,1.132561:1.141948:1.166012:1.160247:1.112416:1.163562:1.131547:1.143753:1.087044:1.309497,0,0,2.5
268,73.52941176470588,0.913879:0.916541:0.917131:0.912208:0.829324:0.934114:0.933872:0.830959:0.937436:0.837969,0,0,8.333333333333334
269,74.41176470588235,0.978526:0.883586:0.915878:0.945496:0.941875:0.953215:0.924048:0.857443:0.918067:0.925141,0,0,4.166666666666667
270,74.41176470588235,1.036814:1.119348:1.073688:1.083425:0.969021:1.092635:1.072614:0.960412:1.10268:0.894713,0,0,8.333333333333334
271,72.6470588235294,1.363301:1.171062:1.168511:1.269709:1.231092:1.353288:1.282453:1.272248:1.31238:1.241683,0,0,10.833333333333334
272,71.76470588235294,1.038682:1.075821:1.069913:1.028698:1.165101:1.011058:1.043324:1.153199:1.052847:1.00426,0,0,9.166666666666666
273,70.0,1.096104:1.17537:1.135653:1.152328:1.066664:1.049171:1.115416:1.009485:1.160028:0.935199,0,0,9.166666666666666
274,68.82352941176471,1.249093:1.199528:1.317641:1.273639:1.23133:1.275503:1.230743:1.296199:1.144134:1.168353,0,0,5.0
275,68.23529411764706,1.087223:1.042801:1.080463:1.125458:1.053597:1.063168:1.086988:1.062955:1.129288:0.957867,0,0,7.5
276,72.94117647058823,0.978862:1.034005:0.945654:0.966067:0.959268:0.989649:0.965919:0.94935:0.931298:1.021846,0,0,12.5
277,74.11764705882354,0.925181:0.836711:0.958154:0.991818:0.904791:0.962508:0.990612:0.924232:0.972452:0.912418,0,0,12.5
278,73.23529411764706,0.848131:0.757262:0.934741:0.86769:0.939293:0.948011:0.832231:0.921842:0.829344:0.990238,0,0,7.5
279,74.70588235294117,0.976199:0.996036:1.119415:0.897711:0.925086:0.998338:0.996203:0.994908:1.00461:1.076278,0,0,10.0
280,72.3529411764706,0.905472:0.993737:0.91826:0.959137:0.889903:0.898962:0.861091:0.917611:0.943913:0.861774,0,0,8.333333333333334
281,73.82352941176471,0.916805:1.04729:1.010923:0.960978:1.015572:0.920513:0.940877:0.908882:0.897758:1.006165,0,0,10.0
282,73.82352941176471,0.88251:0.906436:0.843523:1.022082:0.90948:0.925683:1.037365:0.990898:0.835061:1.009802,0,0,8.333333333333334
283,73.23529411764706,1.04811:1.05003:0.961531:1.032223:0.965955:1.016765:0.988355:1.124222:0.983059:1.038162,0,0,7.5
284,72.3529411764706,0.93826:0.94433:0.898573:0.735386:0.91768:0.977922:0.945584:0.93486:0.905499:0.955474,0,0,2.5
285,75.88235294117646,1.041409:1.03987:1.019251:1.024855:1.122168:0.961561:0.982035:0.994673:1.005188:1.032831,0,0,9.166666666666666
286,73.82352941176471,0.887229:0.826321:0.843796:0.87866:0.89692:0.856906:0.859989:0.945853:0.888167:0.927486,0,0,6.666666666666667
287,76.47058823529412,0.87773:0.92371:0.89316:0.923475:0.887655:0.808343:0.937586:0.890121:1.047289:0.873338,0,0,10.0
288,73.52941176470588,1.222218:1.200976:1.241246:1.381717:1.230596:1.296085:1.234043:1.170305:1.253046:1.130618,0,0,5.833333333333333
289,75.29411764705883,1.123154:1.027125:1.087839:0.991043:1.146221:0.970887:1.112901:1.044056:1.164618:1.175987,0,0,8.333333333333334
290,74.70588235294117,1.005637:1.03271:1.054681:0.977848:1.087582:1.157403:1.058883:1.131292:1.009977:1.125777,0,0,6.666666666666667
291,75.29411764705883,0.886595:0.870294:0.917544:0.891787:0.946228:0.873863:0.852319:0.952946:0.899965:0.856517,0,0,8.333333333333334
292,73.52941176470588,0.85867:0.829039:0.880588:0.81039:0.788016:0.89358:0.930024:0.924806:0.896194:0.828319,0,0,13.333333333333334
293,73.82352941176471,0.79728:0.819777:0.890378:0.799095:0.849527:0.792834:0.822486:0.743948:0.77555:0.904727,0,0,9.166666666666666
294,75.0,0.887144:0.911623:0.925129:0.845264:0.88539:0.872869:0.91752:0.850465:0.82219:0.929342,0,0,10.833333333333334
295,72.3529411764706,0.85354:0.862142:0.833328:0.803685:0.802726:0.830207:0.796301:0.851981:0.781679:0.791869,0,0,6.666666666666667
296,74.11764705882354,0.819523:0.804787:0.76664:0.815948:0.735937:0.784445:0.806923:0.841743:0.748624:0.758547,0,0,6.666666666666667
297,74.11764705882354,0.880104:0.858882:0.98072:0.912794:0.824972:0.880229:0.866491:0.994009:0.781459:0.922026,0,0,7.5
298,73.23529411764706,0.836023:0.879958:0.931249:0.764305:0.95428:0.875553:0.923647:0.873801:0.842786:0.801541,0,0,13.333333333333334
299,72.94117647058823,0.947706:0.912504:0.927021:0.856794:0.986276:0.922446:0.891975:0.890203:0.940795:0.872311,0,0,5.833333333333333
300,73.52941176470588,0.814763:0.821769:0.799746:0.85102:0.830332:0.797712:0.772366:0.864844:0.746265:0.792937,0,0,5.833333333333333
301,70.88235294117646,0.884945:0.880577:0.799755:0.935041:0.987416:1.060021:0.876984:0.975424:0.981861:0.827067,0,0,1.6666666666666667
302,73.23529411764706,0.803483:0.864628:0.834159:0.816746:0.942422:0.812864:0.885823:0.9122:0.752607:0.849138,0,0,6.666666666666667
303,72.05882352941177,0.806192:0.872307:0.85446:0.80571:0.833636:0.819873:0.813919:0.892663:0.998022:0.865962,0,0,4.166666666666667
304,74.11764705882354,0.79147:0.757729:0.741145:0.795182:0.800258:0.763937:0.814244:0.747996:0.751719:0.766157,0,0,9.166666666666666
305,73.82352941176471,0.816309:0.831113:0.767924:0.772692:0.757083:0.710934:0.758239:0.728276:0.766811:0.736321,0,0,8.333333333333334
306,74.70588235294117,0.895281:0.920085:1.283178:0.949644:0.995363:1.196502:0.916585:1.133711:1.104599:0.888788,0,0,10.0
307,76.17647058823529,0.824166:0.762925:0.857219:0.785715:0.803663:0.815901:0.806211:0.743018:0.737051:0.843311,0,0,7.5
308,76.17647058823529,0.831143:0.804592:0.774851:0.828394:0.826993:0.776252:0.774231:0.752746:0.795999:0.722403,0,0,11.666666666666666
309,75.58823529411765,0.793908:0.736061:0.741612:0.782742:0.728037:0.746284:0.771779:0.803285:0.743567:0.744698,0,0,9.166666666666666
310,75.0,0.839745:0.76648:0.756052:0.741788:0.699036:0.766784:0.711954:0.746865:0.675631:0.770029,0,0,11.666666666666666
311,74.41176470588235,0.711972:0.736742:0.784346:0.728757:0.737487:0.742521:0.748689:0.750722:0.730755:0.752099,0,0,10.833333333333334
312,74.70588235294117,0.917196:0.973659:0.885043:0.875241:0.913508:0.935642:0.904831:0.863707:0.980611:0.871991,0,0,5.0
313,75.58823529411765,0.914498:0.895276:0.815486:0.923838:0.841839:0.921215:0.785247:0.900795:0.882733:0.912425,0,0,10.833333333333334
314,74.70588235294117,1.067804:1.114761:0.992569:1.137182:1.057416:1.076854:1.084739:1.063612:1.086678:1.026631,0,0,5.0
315,72.6470588235294,0.914721:0.875433:0.842477:0.89346:0.855512:0.90561:0.964415:0.96289:0.897203:0.902496,0,0,11.666666666666666
316,74.41176470588235,0.857412:0.785734:0.724377:0.761219:0.818154:0.878555:0.814781:0.752264:0.786726:0.812473,0,0,5.833333333333333
317,74.70588235294117,0.788117:0.7532:0.785234:0.793774:0.740017:0.833399:0.840349:0.803775:0.821226:0.799674,0,0,5.0
318,75.0,0.771785:0.839172:0.823178:0.770893:0.833402:0.860764:0.893868:0.880172:0.786997:0.807225,0,0,5.0
319,74.11764705882354,0.861246:0.879933:0.898979:0.80781:0.785958:0.91294:0.902579:0.724889:0.839736:0.926802,0,0,5.0
320,75.29411764705883,0.924284:0.826148:0.937145:0.902809:0.951826:0.877078:0.834257:0.872019:0.929954:0.873985,0,0,5.833333333333333
321,73.52941176470588,0.90984:1.014922:0.9612:0.967718:0.902748:0.977088:0.916489:0.980307:0.884088:0.925885,0,0,6.666666666666667
322,75.58823529411765,0.823567:0.812399:0.795322:0.796123:0.828009:0.845766:0.813778:0.83892:0.815169:0.863577,0,0,9.166666666666666
323,70.88235294117646,0.793451:0.793794:0.808906:0.8347:0.846734:0.77759:0.912784:0.810135:0.80421:0.849971,0,0,3.3333333333333335
324,75.88235294117646,0.86013:0.784275:0.882951:0.832905:0.772599:0.914507:0.851761:0.907978:1.020043:0.838701,0,0,7.5
325,72.94117647058823,0.912058:0.857833:0.849561:0.820965:0.802799:0.906344:0.850941:0.835947:0.847816:0.863773,0,0,5.0
326,73.23529411764706,0.82181:0.81082:0.856798:0.853673:0.823336:0.898505:0.929608:0.820169:0.861621:0.824236,0,0,13.333333333333334
327,72.94117647058823,0.897175:0.8578:0.856539:0.914378:0.793654:0.877418:0.981534:0.87971:1.042817:0.899379,0,0,6.666666666666667
328,74.41176470588235,0.925425:0.831175:0.892139:0.86109:0.870255:0.881969:0.831358:0.863533:0.853343:0.842448,0,0,6.666666666666667
329,74.70588235294117,0.769559:0.755724:0.771746:0.725492:0.761154:0.746909:0.764765:0.744587:0.78708:0.778229,0,0,6.666666666666667
330,74.11764705882354,0.880414:0.930757:0.88014:0.911053:0.843646:0.914806:0.868657:0.944454:0.919912:0.829158,0,0,11.666666666666666
331,76.17647058823529,0.824318:0.83936:0.795776:0.805769:0.817035:0.782579:0.798644:0.780663:0.803959:0.732656,0,0,10.833333333333334
332,73.23529411764706,0.815911:0.826509:0.890224:0.830289:0.806701:0.883636:0.81414:0.763558:0.736365:0.739052,0,0,5.833333333333333
333,74.41176470588235,0.836774:0.896851:0.863084:0.881313:0.845207:0.776931:0.874985:0.910965:0.916583:0.869458,0,0,9.166666666666666
334,74.70588235294117,0.818149:0.730375:0.857675:0.90912:0.855919:0.790548:0.852979:0.822315:0.82903:0.892854,0,0,7.5
335,74.41176470588235,0.830832:0.792083:0.775012:0.898153:0.768448:0.797961:0.807395:0.827755:0.809271:0.943101,0,0,5.0
336,71.76470588235294,0.892695:0.891885:0.934204:0.966098:0.84807:0.839905:0.919668:1.04166:0.894158:0.981415,0,0,4.166666666666667
337,74.70588235294117,0.820341:0.767094:0.743747:0.788656:0.798189:0.810464:0.825591:0.804045:0.815049:0.881186,0,0,10.0
338,74.11764705882354,0.837599:0.796714:0.828054:0.755147:0.851649:0.878408:0.821187:0.909075:0.880645:0.861642,0,0,6.666666666666667
339,73.82352941176471,0.719545:0.662529:0.674882:0.771336:0.724297:0.809078:0.718506:0.837094:0.77233:0.739064,0,0,7.5
340,74.41176470588235,0.746516:0.701198:0.811641:0.742971:0.705466:0.762991:0.686709:0.71488:0.728429:0.791592,0,0,5.833333333333333
341,74.70588235294117,0.779945:0.831032:0.799429:0.84068:0.783859:0.738119:0.85725:0.847304:0.772059:0.808029,0,0,6.666666666666667
342,74.41176470588235,0.728876:0.734706:0.778731:0.763439:0.772644:0.803677:0.757643:0.761478:0.790175:0.830904,0,0,9.166666666666666
343,76.76470588235294,0.859948:0.869576:0.760188:0.84384:0.828936:0.947681:0.938568:0.873258:0.798166:0.915151,0,0,10.0
344,75.0,0.851233:0.831026:0.935233:0.85044:0.858546:0.924289:0.853642:0.821528:0.813738:0.834786,0,0,4.166666666666667
345,75.58823529411765,0.881256:0.804196:0.927401:0.884911:0.83111:0.824277:0.894436:0.83751:0.936823:0.8777,0,0,5.833333333333333
346,77.3529411764706,0.82929:0.85798:0.895215:0.899826:0.768235:0.850934:0.985292:0.85663:0.911828:0.957666,0,0,8.333333333333334
347,74.41176470588235,0.713981:0.733519:0.812485:0.722998:0.690206:0.72663:0.771934:0.772378:0.712307:0.737633,0,0,1.6666666666666667
348,77.3529411764706,0.718327:0.72908:0.642406:0.691985:0.726084:0.677727:0.670129:0.750565:0.648481:0.659699,0,0,5.833333333333333
349,76.47058823529412,0.832531:0.742188:0.829128:0.849526:0.824903:0.872991:0.770852:0.837457:0.843461:0.873806,0,0,4.166666666666667
350,77.05882352941177,0.907623:0.896572:0.83277:0.853055:0.900092:0.891108:0.881864:0.752517:0.858483:0.883477,0,0,3.3333333333333335
351,76.47058823529412,0.929413:0.835044:1.025973:0.911977:0.911585:0.882326:0.894169:0.91164:0.906097:0.949089,0,0,5.833333333333333
352,76.17647058823529,0.829203:0.814389:0.930896:0.846773:0.874951:0.839723:0.811611:0.845994:0.855128:0.844086,0,0,2.5
353,75.88235294117646,0.689034:0.772458:0.715596:0.767009:0.758067:0.752158:0.762017:0.768329:0.758086:0.761003,0,0,3.3333333333333335
354,77.05882352941177,0.97461:0.843461:0.938148:0.920074:0.892924:1.019499:0.939588:1.031063:1.066309:0.948783,0,0,3.3333333333333335
355,76.17647058823529,0.898836:0.958646:0.805541:0.796551:0.804109:0.903149:0.883947:0.793648:0.948547:0.832844,0,0,3.3333333333333335
356,76.17647058823529,0.998502:0.915395:0.829835:0.857405:0.868352:0.886426:0.95515:0.926135:0.855839:0.856799,0,0,5.0
357,77.6470588235294,0.82532:0.815845:0.864708:0.861292:0.822722:0.96862:0.906046:0.884338:0.788765:0.861113,0,0,5.0
358,77.3529411764706,0.802769:0.848085:0.910551:0.874572:0.896456:0.907504:0.782675:0.907527:0.963153:0.874455,0,0,5.0
359,78.23529411764706,0.745998:0.749045:0.811717:0.738178:0.822258:0.794301:0.740736:0.722326:0.732046:0.775066,0,0,7.5
360,74.11764705882354,0.762181:0.757726:0.753123:0.771004:0.818827:0.764326:1.095383:0.729054:0.824038:0.733206,0,0,3.3333333333333335
361,77.94117647058823,0.743915:0.706863:0.72366:0.723044:0.747209:0.764304:0.736436:0.757464:0.73828:0.748699,0,0,7.5
362,73.23529411764706,0.923346:0.977736:0.877901:0.906216:0.787317:0.866522:0.91113:0.945375:0.906676:0.930041,0,0,2.5
363,75.88235294117646,0.984537:0.991964:0.932325:0.899991:1.050546:0.926746:0.93314:0.92467:0.855503:0.98631,0,0,5.833333333333333
364,77.6470588235294,0.849566:0.915211:0.868078:0.790343:0.890903:0.88695:0.859564:0.866352:0.858091:0.836332,0,0,4.166666666666667
365,78.82352941176471,0.816987:0.791581:0.826832:0.77646:0.793473:0.7836:0.800883:0.818656:0.835233:0.889381,0,0,5.0
366,76.17647058823529,0.893939:0.806207:0.885741:0.760955:0.930812:0.818991:0.792062:0.866217:0.773976:0.814538,0,0,3.3333333333333335
367,73.82352941176471,0.79874:0.879066:0.785443:0.821787:0.823448:0.808771:0.785783:0.785403:0.867773:0.843023,0,0,2.5
368,76.76470588235294,1.01849:0.817373:0.835101:0.874742:0.807108:0.879436:0.815877:0.859502:0.813144:0.836003,0,0,5.0
369,75.88235294117646,0.976183:0.794021:0.740671:0.746067:0.753613:0.785441:0.743591:0.765329:0.766039:0.771655,0,0,3.3333333333333335
370,76.17647058823529,0.728437:0.710106:0.701631:0.74767:0.6795:0.688182:0.727611:0.727165:0.698367:0.662791,0,0,5.0
371,76.17647058823529,0.640467:0.692332:0.695017:0.656483:0.645318:0.64001:0.668679:0.649434:0.655603:0.666293,0,0,2.5
372,76.47058823529412,0.744184:0.716737:0.724737:0.716448:0.754522:0.710952:0.808842:0.778672:0.731829:0.882393,0,0,4.166666666666667
373,74.70588235294117,0.742229:0.662363:0.665253:0.707008:0.683195:0.745233:0.65633:0.678421:0.678671:0.783764,0,0,2.5
374,74.41176470588235,0.880507:0.807991:0.794663:0.948192:0.785407:0.779897:0.735358:0.817302:0.817466:0.832062,0,0,1.6666666666666667
375,74.41176470588235,0.980735:0.942393:0.826074:0.888559:1.05715:0.907425:0.88096:0.833549:0.89853:0.902637,0,0,4.166666666666667
376,74.70588235294117,0.843898:0.799855:0.822033:0.891701:0.811197:0.820672:0.750084:0.781385:0.770884:0.802307,0,0,4.166666666666667
377,73.82352941176471,0.76653:0.775023:0.786699:0.728055:0.747364:0.719157:0.754692:0.712689:0.78815:0.738532,0,0,2.5
378,73.52941176470588,0.84371:1.02945:0.835693:0.773639:0.790858:0.823021:0.82605:0.770707:0.995123:0.804805,0,0,3.3333333333333335
379,75.88235294117646,1.193426:0.79122:0.75196:0.766337:0.777639:0.793276:0.793783:0.817883:0.819908:0.800112,0,0,6.666666666666667
380,73.23529411764706,0.744172:0.642488:0.650906:0.701067:0.689:0.6592:0.806112:0.693657:0.703383:0.715988,0,0,6.666666666666667
381,75.0,0.705776:1.228288:0.770113:0.783356:1.213322:1.06453:0.709764:0.779022:1.192809:1.046612,0,0,5.833333333333333
382,75.58823529411765,0.885118:0.760398:0.860048:0.854425:0.900601:0.894705:0.856133:0.936204:0.976039:0.940703,0,0,4.166666666666667
383,78.23529411764706,0.957145:0.959183:0.876328:0.886839:0.771827:0.897262:0.875591:0.911502:0.883394:0.903242,0,0,9.166666666666666
384,76.76470588235294,0.845776:0.954103:0.958993:0.861085:0.912647:0.928155:0.902907:0.9849:0.881659:0.887693,0,0,4.166666666666667
385,77.3529411764706,0.924887:0.956898:0.879672:0.925169:0.935681:0.901718:0.9101:0.829615:0.84981:0.846778,0,0,6.666666666666667
386,77.05882352941177,0.767082:0.799827:0.730444:0.752877:0.690776:0.699961:0.795569:0.782746:0.7564:0.792711,0,0,5.833333333333333
387,79.41176470588235,0.770576:0.718968:0.737219:0.770344:0.706001:0.766675:0.695515:0.751379:0.728455:0.770788,0,0,5.833333333333333
388,79.41176470588235,0.726408:0.733274:0.754195:0.832935:0.784774:0.814435:0.785615:0.729678:0.792636:0.812797,0,0,11.666666666666666
389,78.82352941176471,0.709886:0.658432:0.685039:0.730335:0.736388:0.687518:0.715531:0.718743:0.695295:0.687463,0,0,8.333333333333334
390,77.6470588235294,0.747277:0.726665:0.729668:0.680179:0.720522:0.720859:0.765415:0.750682:0.755947:0.750327,0,0,7.5
391,76.47058823529412,0.840799:0.874093:0.847133:0.802288:0.85733:0.784018:0.811149:0.817541:0.798966:0.817541,0,0,6.666666666666667
392,75.88235294117646,0.738378:0.699573:0.677647:0.682391:0.713694:0.734548:0.737149:0.743237:0.749968:0.696187,0,0,4.166666666666667
393,78.23529411764706,0.743731:0.732958:0.73434:0.744754:0.763045:0.757166:0.787417:0.764266:0.780621:0.793788,0,0,13.333333333333334
394,78.23529411764706,0.756709:0.709684:0.705165:0.671905:0.727039:0.70341:0.652427:0.681644:0.725914:0.744993,0,0,5.0
395,79.11764705882354,0.698242:0.75483:0.647963:0.646263:0.620701:0.747127:0.726719:0.675429:0.73501:0.684171,0,0,8.333333333333334
396,80.29411764705883,0.763901:0.636278:0.754313:0.749133:0.747987:0.785294:0.665654:0.754499:0.72682:0.73183,0,0,3.3333333333333335
397,77.05882352941177,0.82738:0.777948:0.751736:0.780372:0.853825:0.829337:0.837034:0.804071:0.886655:0.910975,0,0,10.0
398,78.82352941176471,0.791215:0.735924:0.745238:0.713941:0.743957:0.695713:0.700873:0.746372:0.830602:0.765531,0,0,5.0
399,78.23529411764706,0.803283:0.821029:0.736298:0.890426:0.724617:0.837731:0.772898:0.787834:0.738054:0.776538,0,0,5.833333333333333
400,78.82352941176471,0.828088:0.805632:0.727714:0.793312:0.750655:0.85672:0.779534:0.737263:0.781803:0.794662,0,0,5.0
401,80.88235294117646,0.812434:0.76487:0.75708:0.763665:0.669153:0.697242:0.775102:0.710969:0.733806:0.754785,0,0,4.166666666666667
402,80.58823529411765,0.865074:0.894933:0.843926:0.916286:0.881518:0.858737:0.852759:0.857918:0.925848:0.940293,0,0,5.0
403,79.41176470588235,0.731969:0.684521:0.715277:0.721743:0.781619:0.791017:0.787641:0.687017:0.689003:0.737456,0,0,2.5
404,77.05882352941177,0.692375:0.712573:0.666682:0.795663:0.671417:0.74685:0.697218:0.73174:0.751098:0.782888,0,0,10.0
405,77.94117647058823,0.770881:0.766728:0.774935:0.863296:0.783713:0.869974:0.846493:0.920846:0.845531:0.767039,0,0,2.5
406,75.88235294117646,0.809366:0.813424:0.863367:0.692165:0.928375:0.854562:0.77252:0.872906:0.846119:0.835317,0,0,0.8333333333333334
407,79.41176470588235,0.832347:0.834651:0.720656:0.85927:0.798807:0.778833:0.932604:0.983174:0.782433:0.904326,0,0,4.166666666666667
408,76.47058823529412,0.812292:0.907619:0.894076:0.868806:0.909962:0.873254:0.857933:0.931899:0.822347:0.841241,0,0,1.6666666666666667
409,78.82352941176471,0.706992:0.766828:0.888898:0.812276:0.714583:0.816035:0.775547:0.777728:0.821575:0.759613,0,0,2.5
410,77.6470588235294,0.826601:1.28063:0.888657:0.829971:0.831819:0.856155:0.803681:0.783925:1.117507:0.81372,0,0,5.833333333333333
411,77.6470588235294,0.777259:0.734177:0.714794:0.753377:0.754564:0.75084:0.69113:0.73706:0.888998:0.721741,0,0,5.0
412,77.6470588235294,0.820456:0.838187:0.809662:0.996662:0.912706:0.955919:0.784413:0.937678:0.872121:0.910887,0,0,4.166666666666667
413,77.05882352941177,0.849759:0.834303:0.820681:0.891096:0.783803:1.01058:0.962158:0.793941:0.868046:0.842421,0,0,5.833333333333333
414,77.94117647058823,0.798959:0.803491:0.667654:0.725187:0.800726:0.735458:0.781055:0.727295:0.754711:0.771519,0,0,10.0
415,77.94117647058823,0.763574:0.693632:0.754756:0.655289:0.743493:0.77553:0.748343:0.771388:0.673197:0.78843,0,0,8.333333333333334
416,76.76470588235294,0.650456:0.677859:0.597897:0.620863:0.634884:0.641537:0.582374:0.66969:0.62118:0.672304,0,0,7.5
417,76.47058823529412,0.787777:0.738265:0.679112:0.695908:0.798786:0.711735:0.718058:0.665519:0.740707:0.653174,0,0,5.0
418,76.76470588235294,0.922257:0.862828:0.945834:0.983851:0.98537:0.881198:0.821824:0.869822:0.852555:0.926325,0,0,5.833333333333333
419,73.82352941176471,0.846431:0.775347:0.896015:0.884892:0.742078:0.72105:0.80249:0.782326:0.855573:0.83183,0,0,1.6666666666666667
420,76.47058823529412,0.683349:0.682105:0.7327:0.729153:0.730954:0.673648:0.676725:0.613036:0.660765:0.718748,0,0,4.166666666666667
421,76.76470588235294,0.776335:0.696458:0.726422:0.671198:0.734723:0.687661:0.754763:0.694549:0.707395:0.741151,0,0,6.666666666666667
422,72.94117647058823,0.779704:0.830382:0.777848:0.865157:0.872144:0.75571:0.779549:0.732742:0.743163:0.699587,0,0,0.8333333333333334
423,74.41176470588235,0.857988:0.790328:0.837014:0.839539:0.79802:0.900006:0.799297:0.787784:0.82595:0.814455,0,0,4.166666666666667
424,74.11764705882354,0.73938:0.782693:0.709085:0.704225:0.673866:0.72498:0.675851:0.821345:0.742361:0.818087,0,0,1.6666666666666667
425,75.29411764705883,0.812807:0.665849:0.791819:0.822944:0.755999:0.868697:0.850341:0.88105:0.796787:0.78251,0,0,3.3333333333333335
426,74.41176470588235,0.840788:0.853271:0.984687:0.890646:0.962241:0.864591:0.952084:0.784357:0.86255:0.947077,0,0,3.3333333333333335
427,73.23529411764706,0.852203:0.797842:0.861919:0.867688:0.782876:0.751544:0.892969:0.83676:0.776024:0.873548,0,0,5.0
428,73.52941176470588,0.911525:0.831131:0.859749:0.913162:0.952788:0.960002:0.846024:0.862442:0.806698:0.915705,0,0,7.5
429,74.70588235294117,0.86017:0.814316:0.82472:0.805361:0.854266:0.787153:0.89297:0.842371:0.819702:0.908156,0,0,13.333333333333334
430,70.88235294117646,0.759794:0.696444:0.730568:0.751546:0.752699:0.736608:0.727533:0.656985:0.67175:0.643908,0,0,5.0
431,72.3529411764706,0.790702:0.830251:0.754607:0.750984:0.783549:0.737433:0.728143:0.86206:0.735412:0.78081,0,0,5.833333333333333
432,71.47058823529412,0.689195:0.817264:0.733787:0.795569:0.779929:0.809388:0.810997:0.844892:0.666987:0.882498,0,0,3.3333333333333335
433,75.88235294117646,0.9211:0.85614:0.865991:0.947161:0.914073:0.96668:0.933339:0.816924:0.874586:0.775943,0,0,7.5
434,75.0,0.94873:0.861671:0.878711:0.786318:0.883103:0.95009:0.711012:0.837702:0.90797:0.786362,0,0,3.3333333333333335
435,76.47058823529412,0.853979:0.922691:0.884705:0.807145:0.847827:0.823659:0.856589:0.827187:0.780128:0.896529,0,0,5.833333333333333
436,74.41176470588235,0.828085:0.821513:0.933518:0.962941:0.85385:0.901681:0.916246:0.936823:0.89714:0.864797,0,0,3.3333333333333335
437,74.41176470588235,0.808932:0.850136:0.928006:0.735045:0.801849:0.765044:0.84437:0.735268:0.859596:0.721492,0,0,5.0
438,77.3529411764706,0.780518:0.746229:0.752735:0.717385:0.721177:0.774559:0.762937:0.716958:0.75663:0.710597,0,0,8.333333333333334
439,74.70588235294117,0.77651:0.750451:0.748241:0.72389:0.83607:0.82564:0.778483:0.872791:0.885148:0.781878,0,0,4.166666666666667
440,76.47058823529412,0.787434:0.803778:0.82853:0.833561:0.763316:0.739872:0.817728:0.878894:0.767015:0.798559,0,0,6.666666666666667
441,76.47058823529412,0.792848:0.881319:0.844485:0.713001:0.766478:0.811629:0.858606:0.797232:0.879521:0.854792,0,0,7.5
442,75.29411764705883,0.990578:0.887859:0.853302:0.843324:0.862678:0.865516:0.89735:0.831279:0.827611:0.897077,0,0,5.833333333333333
443,77.94117647058823,0.702465:0.734225:0.71736:0.683133:0.712713:0.757672:0.785343:0.731897:0.747527:0.724124,0,0,8.333333333333334
444,74.11764705882354,0.727231:0.737368:0.782342:0.818404:0.773034:0.800919:0.768654:0.76001:0.818034:0.735784,0,0,4.166666666666667
445,76.17647058823529,0.655753:0.74512:0.799218:0.867641:0.781233:0.815228:0.723139:0.864345:0.854877:0.834114,0,0,4.166666666666667
446,79.70588235294117,0.951022:0.74984:0.831195:0.841653:0.853083:0.866921:0.774549:0.849475:0.82052:0.814765,0,0,6.666666666666667
447,76.17647058823529,0.662992:0.80759:0.748477:0.791034:0.77516:0.847001:0.830997:0.793534:0.822487:0.763345,0,0,5.0
448,76.17647058823529,0.782203:0.666674:0.869815:0.828016:0.839288:0.769181:0.739366:0.840969:0.748279:0.786564,0,0,2.5
449,77.3529411764706,0.86183:0.82773:0.815014:0.829216:0.82087:0.819401:0.78076:0.870615:0.82005:0.864445,0,0,6.666666666666667
450,73.82352941176471,0.876822:0.794158:0.791757:0.879665:0.778249:0.819332:0.817798:0.791444:0.808756:0.854312,0,0,2.5
451,77.3529411764706,0.69338:0.937723:0.745476:0.806917:0.865309:0.829486:0.799294:0.780792:0.883027:0.792578,0,0,5.0
452,76.47058823529412,0.895351:0.82915:0.794484:0.750033:0.813917:0.77779:0.837913:0.802591:0.933324:0.846424,0,0,5.0
453,76.76470588235294,0.841001:0.775753:0.891141:0.845608:0.798892:0.749441:0.850978:0.70697:0.755727:0.9434,0,0,5.833333333333333
454,75.88235294117646,0.935873:0.943898:0.977127:0.966569:0.906981:0.919501:0.955429:0.954641:0.946426:0.844278,0,0,3.3333333333333335
455,76.47058823529412,0.876308:0.927492:0.617921:0.936165:0.809235:0.877192:0.919977:0.950481:0.914449:0.890039,0,0,4.166666666666667
456,77.05882352941177,0.967166:0.988328:1.018826:0.9346:0.983173:0.990293:0.986876:0.956391:0.982294:0.979189,0,0,5.833333333333333
457,75.88235294117646,0.797538:0.881663:0.69214:0.863379:0.868384:0.826151:0.858957:0.722465:0.763909:0.787789,0,0,3.3333333333333335
458,77.05882352941177,0.731525:0.731815:0.732769:0.707799:0.69866:0.761897:0.715647:0.735236:0.926189:0.72145,0,0,5.0
459,77.05882352941177,0.705872:0.695382:0.73551:0.645336:0.66056:0.752422:0.588046:0.688567:0.588953:0.656437,0,0,5.0
460,77.05882352941177,0.716712:0.73362:0.738978:0.617802:0.709134:0.624427:0.779607:0.700805:0.781364:0.784758,0,0,3.3333333333333335
461,78.52941176470588,0.79494:0.785179:0.847419:0.844468:0.75812:0.774547:0.784247:0.716036:0.819315:0.72581,0,0,8.333333333333334
462,74.41176470588235,0.764081:0.826932:0.822451:0.808275:0.734958:0.752018:0.759934:0.788541:0.78588:0.808407,0,0,2.5
463,75.29411764705883,0.780692:0.738689:0.758703:0.836482:0.73112:0.732845:0.693467:0.774667:0.784757:0.744869,0,0,2.5
464,77.6470588235294,0.78029:0.72065:0.766802:0.852813:0.670112:0.784548:0.784984:0.691108:0.805082:0.899776,0,0,7.5
465,75.0,0.74379:0.884401:0.766441:0.745517:0.816194:0.790976:0.816042:0.809128:0.883703:0.828608,0,0,5.833333333333333
466,77.05882352941177,0.641785:0.656531:0.726121:0.721726:0.744424:0.69534:0.651855:0.631664:0.709607:0.750013,0,0,10.833333333333334
467,77.6470588235294,0.704176:0.776533:0.768343:0.765613:0.689341:0.728083:0.731542:0.669355:0.665524:0.749211,0,0,9.166666666666666
468,74.70588235294117,0.769867:0.701773:0.737803:0.627984:0.691074:0.658862:0.712791:0.714271:0.723972:0.71511,0,0,7.5
469,79.11764705882354,0.75823:0.630353:0.806108:0.731858:0.701648:0.807497:0.812381:0.747804:0.797993:0.800288,0,0,13.333333333333334
470,75.0,0.813526:0.767627:0.8235:0.757107:0.799511:0.90354:0.932285:0.843842:0.835173:0.721278,0,0,5.833333333333333
471,77.3529411764706,0.727147:0.752279:0.717227:0.720785:0.680466:0.646507:0.755523:0.714092:0.6781:0.765673,0,0,6.666666666666667
472,75.0,0.804584:0.768995:0.914198:0.835893:0.782969:0.793203:0.834434:0.658734:0.881195:0.804493,0,0,4.166666666666667
473,78.52941176470588,0.836465:0.762544:0.819346:0.843648:0.825209:0.770963:0.901958:0.785896:0.848527:0.739725,0,0,9.166666666666666
474,79.41176470588235,0.728694:0.836465:0.707024:0.686172:0.782566:0.747191:0.713864:0.750844:0.650723:0.759069,0,0,17.5
475,76.47058823529412,0.925353:0.728671:0.796394:0.956227:0.84689:0.906837:0.838607:0.803841:0.848996:0.805071,0,0,8.333333333333334
476,79.41176470588235,0.74945:0.714402:0.79544:0.762373:0.795533:0.79526:0.784469:0.792051:0.776832:0.698163,0,0,15.833333333333334
477,75.29411764705883,0.876003:0.784291:0.773971:0.81901:0.743838:0.774127:0.780291:0.788853:0.816204:0.737048,0,0,10.0
478,75.58823529411765,0.71487:0.740164:0.763873:0.714447:0.699863:0.698975:0.723084:0.747258:0.700319:0.714251,0,0,5.0
479,78.82352941176471,0.715538:0.748745:0.740815:0.762172:0.686801:0.705785:0.667684:0.733938:0.623535:0.792049,0,0,10.833333333333334
480,77.05882352941177,0.808296:0.865359:0.75968:0.809861:0.837724:0.796546:0.771695:0.808517:0.73556:0.815487,0,0,4.166666666666667
481,77.6470588235294,0.726257:0.673623:0.684:0.671538:0.706444:0.65858:0.765902:0.666477:0.73824:0.615069,0,0,11.666666666666666
482,77.6470588235294,0.658278:0.70426:0.752173:0.619733:0.672095:0.721952:0.648285:0.6549:0.658597:0.632407,0,0,11.666666666666666
483,78.82352941176471,0.705255:0.70048:0.733381:0.73669:0.656804:0.684999:0.811986:0.740057:0.69016:0.682841,0,0,10.0
484,77.94117647058823,0.733874:0.712414:0.703937:0.714412:0.639084:0.699673:0.671448:0.687961:0.653068:0.668506,0,0,7.5
485,79.41176470588235,0.695599:0.774344:0.766766:0.659855:0.662868:0.630796:0.738348:0.642104:0.680387:0.793093,0,0,9.166666666666666
486,80.29411764705883,0.795886:0.881553:0.570751:0.77324:0.823407:0.788611:0.737297:0.805455:0.82383:0.774212,0,0,9.166666666666666
487,80.88235294117646,0.863952:0.803374:0.862911:0.89367:0.858897:0.858595:0.915582:0.829513:0.905473:0.947447,0,0,9.166666666666666
488,79.41176470588235,0.685008:0.765283:0.796983:0.574508:0.7573:0.687114:0.684932:0.693119:0.657381:0.779577,0,0,8.333333333333334
489,79.11764705882354,0.755521:0.874705:0.814768:0.8099:0.757541:0.803942:0.81311:0.809802:0.731775:0.804066,0,0,8.333333333333334
490,78.52941176470588,0.781726:0.768298:0.757655:0.817894:0.718152:0.810822:0.78958:0.605175:0.877466:0.75234,0,0,3.3333333333333335
491,80.29411764705883,0.755602:0.82779:0.823322:0.868888:0.829646:0.90014:0.825816:0.880984:0.79937:0.846587,0,0,6.666666666666667
492,80.58823529411765,0.854938:0.927774:0.775869:0.726482:0.80288:0.803298:0.858963:0.748966:0.842455:0.85284,0,0,6.666666666666667
493,79.11764705882354,0.766571:0.758514:0.683143:0.780794:0.71964:0.692458:0.692914:0.750621:0.757411:0.699591,0,0,5.833333333333333
494,78.52941176470588,0.739207:0.67843:0.675575:0.663145:0.670988:0.685623:0.759698:0.738244:0.763038:0.725214,0,0,2.5
495,78.23529411764706,0.75317:0.819212:0.710808:0.740403:0.73694:0.652055:0.835728:0.647905:0.747197:0.70954,0,0,1.6666666666666667
496,79.41176470588235,0.739524:0.807234:0.813785:0.696665:0.769675:0.765279:0.766958:0.759046:0.68742:0.73187,0,0,11.666666666666666
497,79.11764705882354,0.666513:0.673101:0.646268:0.704461:0.705982:0.649781:0.665979:0.64112:0.642404:0.641586,0,0,8.333333333333334
498,80.0,0.637634:0.554442:0.671779:0.700275:0.654943:0.634784:0.654852:0.655046:0.679186:0.697937,0,0,6.666666666666667
499,80.0,0.679152:0.835153:0.737861:0.760432:0.753607:0.736832:0.823721:0.764839:0.734505:0.737461,0,0,10.0
500,78.52941176470588,0.681203:0.799426:0.640723:0.757817:0.805242:0.580428:0.680476:0.707752:0.70939:0.662931,0,0,4.166666666666667
